<beans xmlns="http://www.springframework.org/schema/beans"
	xmlns:xsi="http://www.w3.org/2001/XMLSchema-instance"
	xsi:schemaLocation="http://www.springframework.org/schema/beans
	http://www.springframework.org/schema/beans/spring-beans-2.5.xsd">
		
	<bean id="csvFilePublisherDataUploadService" class="com.execue.publisher.upload.file.csv.impl.CSVFilePublisherDataUploadServiceImpl">
		<property name="publisherConfigurationService" ref="publisherConfigurationService"/>
		<property name="coreConfiguration" ref="systemConfiguration"/>
	</bean>
	
	<bean id="localConceptTypeEvaluationService" class="com.execue.publisher.evaluate.impl.ConceptTypeEvaluationServiceImpl">
		<property name="sdxService" ref="sdxService"/>
		<property name="kdxRetrievalService" ref="kdxRetrievalService"/>
		<property name="mappingService" ref="mappingService"/>
	</bean>
	
	<bean id="publisherDataEvaluationService" class="com.execue.publisher.evaluate.impl.PublisherDataEvaluationServiceImpl">
		<property name="publisherConfigurationService"  ref="publisherConfigurationService"/>
		<property name="queryGenerationUtilServiceFactory"  ref="queryGenerationUtilServiceFactory"/>
		<property name="publisherDataAbsorbtionService"  ref="publisherDataAbsorbtionService"/>		
		<property name="conversionService"  ref="conversionService"/>
		<property name="sdxService"  ref="sdxService"/>
	</bean>

	<bean id="localPublisherDataAbsorbtionService" class="com.execue.publisher.absorbtion.impl.PublisherDataAbsorbtionServiceImpl">
		<property name="clientSourceDAO" ref="clientSourceDAO"/>
		<property name="sdxService" ref="sdxService"/>
		<property name="mappingService" ref="mappingService"/>
		<property name="sdx2kdxMappingService" ref="sdx2kdxMappingService"/>
		<property name="assetExtractionService" ref="assetExtractionService"/>
		<property name="genericJDBCService" ref="genericJDBCService"/>
		<property name="queryGenerationUtilServiceFactory" ref="queryGenerationUtilServiceFactory"/>
		<property name="kdxRetrievalService" ref="kdxRetrievalService"/>
	</bean>
    
	<bean id="publisherDataAbsorptionControllerService" class="com.execue.publisher.controller.impl.PublisherDataAbsorptionControllerServiceImpl">
		<property name="publisherConfigurationService" ref="publisherConfigurationService"/>
		<property name="sdxService" ref="sdxService"/>		
		<property name="publisherDataAbsorbtionService" ref="publisherDataAbsorbtionService"/>
		<property name="publisherDataUploadService" ref="csvFilePublisherDataUploadService"/>
		<property name="publisherDataEvaluationService" ref="publisherDataEvaluationService"/>
		<property name="conceptTypeEvaluationService" ref="conceptTypeEvaluationService"/>
		<property name="domainOntologyAbsorptionService" ref="domainOntologyAbsorptionService"/>	
		<property name="jobDataService" ref ="jobDataService"/>
		<property name="publishedFileService" ref ="publishedFileService"/>
		<property name="systemConfigurationService" ref ="systemConfigurationService"/>
		<property name="kdxRetrievalService" ref="kdxRetrievalService"/>
	</bean>
    
	<bean id="publisherDataEvaluationControllerService" class="com.execue.publisher.controller.impl.PublisherDataEvaluationControllerServiceImpl">
		<property name="publisherConfigurationService" ref="publisherConfigurationService"/>
		<property name="sdxService" ref="sdxService"/>      
		<property name="publisherDataAbsorbtionService" ref="publisherDataAbsorbtionService"/>
		<property name="publisherDataEvaluationService" ref="publisherDataEvaluationService"/>
		<property name="conceptTypeEvaluationService" ref="conceptTypeEvaluationService"/>
		<property name="domainOntologyAbsorptionService" ref="domainOntologyAbsorptionService"/>    
		<property name="jobDataService" ref ="jobDataService"/>
		<property name="publishedFileService" ref ="publishedFileService"/>
		<property name="systemConfigurationService" ref ="systemConfigurationService"/>
		<property name="kdxRetrievalService" ref="kdxRetrievalService"/>
       <!-- <property name="aclService" ref="execueAclService"/>-->
		<property name="correctMappingService" ref="correctMappingService"/>
		<property name="conversionService"  ref="conversionService"/>
	</bean>

	<bean id="publisherDataAbsorbtionService" class="org.springframework.transaction.interceptor.TransactionProxyFactoryBean">
		<property name="transactionManager" ref="swiTxManager"/>
		<property name="target" ref="localPublisherDataAbsorbtionService"/>
		<property name="proxyTargetClass" value="false"/>
		<property name="transactionAttributes">
			<props>
				<prop key="mapSDX2KDX">PROPAGATION_REQUIRED</prop>
			</props>
		</property>
	</bean>
	<bean id="conceptTypeEvaluationService" class="org.springframework.transaction.interceptor.TransactionProxyFactoryBean">
		<property name="transactionManager" ref="swiTxManager"/>
		<property name="target" ref="localConceptTypeEvaluationService"/>
		<property name="proxyTargetClass" value="false"/>
		<property name="transactionAttributes">
			<props>
				<prop key="evaluateConceptsForBaseTypes">PROPAGATION_REQUIRED</prop>
			</props>
		</property>
	</bean>

	
	<bean id="publisherConfigurationService" class="com.execue.publisher.configuration.impl.PublisherConfigurationServiceImpl">
		<property name="configuration" ref="publisherConfiguration" />
	</bean>
	
	<bean id="publisherDataAbsorptionJobService" class="com.execue.publisher.service.impl.PublisherDataAbsorptionJobServiceImpl">
		<property name="schedulerService" ref="execueJobSchedulerService"/>
		<property name="jobDataService" ref="jobDataService"/>				
		<property name="publisherConfigurationService" ref="publisherConfigurationService"/> 
	</bean>
    
	<bean id="publisherDataEvaluationJobService" class="com.execue.publisher.service.impl.PublisherDataEvaluationJobServiceImpl">
		<property name="schedulerService" ref="execueJobSchedulerService"/>
		<property name="jobDataService" ref="jobDataService"/>              
		<property name="publisherConfigurationService" ref="publisherConfigurationService"/> 
	</bean>

</beans>